0,1,2,3
AACHI MASALA FOODS (P) LTD,Chennai,044-26185410,Mr. J. Justin Antony
AADVIK FOODS & PRODUCTS PCT. LTD.,New Delhi,NA,Mr. Hitesh Rathi
ABHYUDAY TECHNO ECONOMIC CONSULTANTS PVT. LTD.,Ahmedabad,"079-26856999, 40307951",Mr. Navneen Kumar
ABLE MANUFACTURERS,Hyderabad,040-23511700,Mr. V. Chandrakala
ADF FOODS LTD.,Mumbai,022 6141 5555,Ms. Diana Michael
AGRI PROCESS INNOVATION TECHNOLOGIES LLP,Bengaluru,080-22249688,Mr. Santosh
AGRIPURE NATURAL FOODS PVT. LTD.,Pune,NA,Ms. Sadhana Ganesh Kokate
AGRIXLAB PVT. LTD.,Thane,NA,Mr. Saurabh Kumar
AGT FOODS INDIA PVT. LTD.,Mumbai,022-61470470,Mr. Vishal Jhunjhunwala
ANGEL STARCH & FOOD PVT. LTD.,Erode,0424-2272728,Mr. M.K. Radhika
AOV AGRO FOODS PVT. LTD.,Noida,0120-4692900,Mr. Rahul Nanda
APEDA,New Delhi,"011-26513204, 26514572, 26513219",Mr. Kamal Kant
APEKSHA GOURMET JAR PVT. LTD.,Noida,0120-4245730,Mr. Rishab Suresh
APOLLO HOSPITALS ENTERPRISE LTD.,New Delhi,011-30837500,Mr. Aftab Ahmad
APSARA FOODS INDSUTRIES PVT. LTD.,New Delhi,0120-4108443,Mr. Vivek Kumar
ARCTIC REFRIGRATION PVT LTD,Gurgaon,0124-4008965,Mr. Neetika Dudeja
ASHA FOODS,Mahuva,NA,Mr. Paresh
ASHOKA METAL WORKS & CO.,New Delhi,011-28343251,Mr. Rachit Gupta
AUSTIN FOODS & BEVERAGES PVT. LTD.,Anand,02697-235900,Mrs. Rupal Katkoria
BAGRRYS INDIA LIMITED,New Delhi,011-46000520,Mr. Vikram Bhagat
BAJAJ PROCESSPACK LIMITED,Noida,0120-4639950-99,Mr. Manoj Khubchandani
BARLEY AGRO FOODS PVT. LTD.,Alwar,NA,Mr. Vasu Gupta
BEHIVE FARMS PRIVATE LIMITED,Ludhiana,0161-4666012,Ms. Navjot Kaur
BEST ENGINEERING TECHNOLOGIES,Hyderabad,040-65908498,Mr. M. Sesha Sai
BIKAJI FOODS INTERNATIONAL LTD.,Bikaner,0151-2250350,Mr. Nishant Balecha
BRIGHT LIFECARE PRIVATE LIMITED,Gurugram,0124-4700932,Mr. Apoorv Ailawadi
BRITANNIA INDUSTRIES LTD.,Bangalore,080-39400080,Mr. Mercy Paul
CARRIER AIRCONDITIONING & REFRIGATION LTD.,Gurgaon,0124-4873200,Mr. Tarun Malhotra
CAVINKARE PRIVATE LIMITED,Chennai,044-24317516,Mr. Ranajay Chakraborty
COCA COLA INDIA PVT. LTD.,Gurgaon,0124-4785000,Mr. Anaam Sharma
COLLEGE OF FOOD AND DAIRY TECHNOLOGY - TANUVAS,Chennai,044-27680214/15/16,Mr. G Vasanthi
CREMICA FOOD PARK PRIVATE LIMITED,Delhi,NA,Mr. Shipra Garg
CROPCONNECT ENTERPRISES PVT. LTD.,New Delhi,011-46323694,Ms. Ishira Mehta
DANFOSS INDUSTRIES PVT LTD,Chennai,044-67151000,Mr. Vivek Nair
DEV BHUMI COLD CHAIN PVT. LTD.,New Delhi,011-27674880,Mr. Taru Aggarwal
DHAN FOUNDATION,Madurai,0452-2302500,Mr. M. Karthikeyan
DHIVYA FOODS AND SPICES,Coimbatore,NA,Ms. Jayanthi
DIANA FAR AWAY EXPORTS,Chennai,044-49042850,Mr. Cross Rajan G
DRIP CAPITAL SERVICES INDIA LLP,Mumbai,NA,Mr. Raghav Khajuria
DS BIRYANI CORNER,New Delhi,011-64613333,Mr. Rohit Sharma
EARTHLING,New Delhi,NA,Ms. Shippy Sharma
EUROTECH CORPORATION,Mumbai,022-65150452,Ms. Rajeshree Boghani
FIELD FRESH FOODS PVT. LTD.,Gurgaon,0124-4109400,Mr. Jai Rohit
FINE DINE HOSPITALITY,Pune,NA,Mr. Riaz Kassam
FOWLER WESTRUP (INDIA) PVT. LTD.,Bangalore,08152-282500,Mr. Vivek Shasri
FRENCH FOODS FACTORY,Thane,9167679891,Mr. Chandar K Randhawa
FRICK INDIA LIMITED,New Delhi,011-23322391-384,Mr. Anupam Prakash
FSSAI,New Delhi,NA,Ms. Ridhi
FUSION DEHY FOODS,Mahuva,NA,Mr. Ghanshyam Kapadia
GAJANAND FOODS PVT. LTD.,Santej,02764-286021,Mr. Manish Mijithia
GANDOUR INDIA FOOD PROCESSING PVT. LTD.,New Delhi,011-47534990,Mr. Anju Kumari
GANGWAL FLOUR FOODS,Indore,0731 4226730,Mr. Giriraj Shrimal
GARON DEHYDRATES PVT. LTD.,Indore,8269009444,Mr. Siddharth Verma
GLOBAL BRAND RESOURCES,Gandhidham,022-28361756,Mr. Riwish
GODREJ TYSON FOODS LIMITED (GOLD SPONSOR),Mumbai,NA,Mr. Amol Mudaras
GRAMEEN INC,Hyderabad,040-65149555,Ms. Divya
GROWWELL ORGANIC,Jaipur,NA,Mr. Bhavin Kumar Parmar
GUJARAT CO-OPERATIVE MILK MARKETING FEDERATION LTD. - AMUL (SILVER SPONSORSHIP),New Delhi,"011-28525083, 28524336",Mr. Harikrishan Rathaur
GUJPRO AGRIBUSINESS CONSORTIUM PRODUCER COMPANY LTD.,Ahmedabad,02717-23761,Mr. Krunal Prajapati
GURMI FOODS PRIVATE LIMITED (AMY'S KITCHEN),Gurgaon,NA,Mr. Gopal Batra
GURUJI ENTERPRISES,Sonipat,NA,Mr. Suresh Sharma
HECTOR BEVERAGES PVT. LTD.,Gurgaon,NA,Ms. Dipasha Mahendru
HEMBROS FOOD LLP,Faridabad,0129-6999777,Mr. Rajan Dewan
HERBALIFE NUTRITION (DIAMOND SPONSOR),New Delhi,NA,Mr. Ravi Prakash
HERSHEY INDIA PRIVATE LIMITED,Delhi,011-45065145,Mr. Tapan Oza
HEXADECIMAL INFRASTRUCTURE PVT LTD (SATTVA GOURMET FOODS),Mumbai,022-26300185,Mr. Prasad V Duvvuri
HIMALYA INTERNATIONAL LTD.,Paonta Sahib,8894788545,Mr. Deepak Saharwawat
HIND TERMINALS PVT. LTD.,New Delhi,011-40558163,Ms. Vaibhav Chaudhary
HUL - HINDUSTAN UNILVER LIMITED (GOLD SPONSOR),Mumbai,022 3983 0000,Mr. Akhilesh Yadav
HYGEIA WELLNESS PVT. LTD.,New Delhi,NA,Mr. Amit Kumar
INDIAN FOODTECH LTD,New Delhi,011-27948041,Mr. Ashok Ruhil
INDIFOSS ANALYTICAL PRIVATE LIMITED,Ahmedabad,079-4005 4705 / 4005 4706,Mr. Satish Mohite
ITC LIMITED,Kolkata,033-22889371,Mr. Nazeeb Arif
JADLI FOODS INDIA PVT. LTD.,New Delhi,011-27555462,Mr. R.N. Jadli
JHANIL HEALTHCARE,Sunam,01676-220855,Mr. Vakul Garg
JIVRAJ TEA LIMITED,Surat,0261-2500999,Mr. Prashant Indalkar
KANWAL FOODS & SPICES PVT. LTD.,Srinagar,01942-433628,Mr. Abid Gulzar
KARACHI INC,Rangareddy,NA,Mr. Sachin Gir
KEJRIWAL BEE CARE INDIA (PVT) LTD,New Delhi,011-29219677-78,Mr. Sunil Kumar
KEVENTER AGRO LIMITED,Kolkata,0124-4947200,Mr. Surbhit Lihala
KIRLOSKAR PNEUMATIC COMPANY LIMITED,Pune,02115-222403,Mr. Satyam Kumar Alok
KIRTI FOODS PVT. LTD.,Mahuva,NA,Mr. Damji Vauya
KOTTARAM AGRO FOODS PRIVATE LIMITED,Bangalore,080-40949390,Mr. Raghavendra Jha
LAKSHYA FOOD INDIA LIMITED,Jind,01681-237550,Mr. Vivek Singla
LLOYDS REGISTER QUALITY ASSURRANCE LTD.,Mumbai,022 - 42603418,Mr. P Banerjee
LMJ INTERNATIONAL,Panipat,NA,Mr. K.A. James
LOTTE INDIA CORPORATION LIMITED,Chennai,044-45458881,Mr. R. Sridharan
MAHAKALI FOODS PVT. LTD.,Indore,0731-2591801,Mr. Sandeep Singh
MANGAL INDUSTRIES LIMITED - GALLA FOODS DIVISION,Chittoor,NA,Mr. Pavan Kumar DC
METTLER-TOLEDO INDIA PVT. LTD.,Mumbai,022-42910111,Mr. Navpreet Singh Marwaha
MINISTRY OF TOURISM,New Delhi,011-23321380,Mr. Manas Ranjan Pattanaik
MITHILA CONSUMER GOODS PVT. LTD.,Faridabad,NA,Ms. Priti Anand
MONDELEZ INDIA FOODS PRIVATE LIMITED (SILVER SPONSOR),Mumbai,022- 33963100,Ms. Garima Singh
MOTHER DAIRY FRUIT & VEGETABLE PVT LTD,Noida,0120-4399500,Mr. Sumit Chandoke
MPEDA,New Delhi,011-41400527,Mr. Sunil Kumar U
MRT ORGANIC GREEN PRODUCTS,Cochin,0484-2632991,Mr. Mahi Balan
MTR FOOD PVT. LTD.,Bengaluru,080-40812100,Ms. Nishita Banerjee
NATIONAL DAIRY DEVELOPMENT BOARD,Anand,02692-264675,Mr. Harshendra Singh
NATURAL DEHYDRATED VEGETABLES (P) LTD GUJARAT,New Delhi,"9310066665, 9560918661",Mr. Subhash Ghosh
NEKKANTI SEA FOODS LIMITED (LANYARD SPONSOR),Visakhapatnam,NA,Ms. Anila Narla
NEOGEN FOOD AND ANIMAL SECURITY (INDIA) PVT. LTD.,Kochi,0484 2306598,Dr. Mrunal Kumar Sharma
NESTLE (PALTINUM SPONSOR),New Delhi,,
NUTRICANE BEVERAGES PVT. LTD.,New Delhi,011-49401951/52,Mr. Atul Arora
ONECERT ASIA AGRI CERTIFICATION PVT. LTD.,Jaipur,0141-2395481,Mr. Dheeraj Sharma
ONEHUB CHENNAI,Chennai,044 4225 6000,Mr. Anup M
PANASONIC APPLIANCES INDIA COMPANY LIMITED,Chennai,044-22258701-05,Mr. Vishal Kakkar
PANSARI INDUSTRIES,New Delhi,NA,Mr. Santosh Mishra
PATANJALI FOOD & HERBAL PARK (GOLD SPONSOR),Haridwar,01334 265 370,Ms. Preeti
PEPSICO INDIA HOLDINGS PVT. LTD. (GOLD SPONSOR),Sonipat,NA,Ms. Nilima Dhavala
PEST CONTROL M. WALSHE,Mumbai,022-22850615 / 16,Mr. Navreet S. Pruthi
PRABHAT DAIRY LIMITED (SILVER SPONSOR),Navi Mumbai,022-41287700,Ms. Jyothika Kotiyan
PRESTINE MEGA FOOD PARK PVT. LTD.,New Delhi,011-47235800,Mr. Amit Pandey
R.R. ENTERPRISES,Kullu,01902-265134,Mr. Varun Ghai
RAAGA MYURI MEGA FOOD PARK,Hyderabad,NA,Mr. Bhanu Prathap
RANA FROZEN FOODS,Rorkee,NA,Mr. Vikram Rana
RANA MACHINES INDIA PVT. LTD.,Ambala,0171-2679030,Mr. Kuldip Rana
RAPID ORGANIC PVT. LTD.,Sanchore,02979 285734,Mr. Prithvi Pal Singh
RASNA PVT. LTD.,Ahmedabad,079-26449603,Mr. Krunal Shukria
RAW PRESSERY,Mumbai,022-49263324,Mr. Aditya Pattanath
RINAC INDIA LTD,New Delhi,011-26346590/91,Mr. Vijay Singh
SALT RANGE FOODS PVT. LTD.,New Delhi,011-28111633,Mr. Gagandeep Singh Kohli
SATHGURU MANAGEMENT CONSULTANTS PRIVATE LIMITED,Hyderabad,040-66276200,Mr. Sriram C Manyam
SATTVIKO RAYS CULINARY DELIGHTS PVT. LTD.,New Delhi,NA,Mr. Sumeet Chilwal
SAURABH ENGINEERS,Ahmedabad,079-22911288/22910428,Mr. Dipak Trivedi
SHAH NANJI NAGSI EXPORTS PVT. LTD.,Nagpur,0712-6685999,Ms. Snehal Modi
SHRI SURAKSHA BIO SCIENCES,Hyderabad,NA,Mr. Arun Saxena
SIMHA GLOBAL,Karur,NA,Ms. S. Iswaryalakshmi
SIROHI AGRO FOODS PVT. LTD.,Greater Noida,0120-6548999,Mr. Bhaskar Anand
SKM EGG PRODUCT & EXPORT (INDIA) LIMITED,Erode,0424-2351532,Mr. V.V. Krishnan
SM CONSUMERS,Palasbari,0361-2738911/12,Mr. Rimjhim Somani
SMART AGRO FOOD PARK PVT. LTD.,Hyderabad,040-23357474,Mr. Siva Reddy
LOTUS CHOCOLATE (SILVER SPONSORSHIP),Dharwad,,Mr. Manjunath Bhatt
SPICE BOARD,Kochi,0484-2333610,Mr. Prathyush TP
Sresta Natural Bioproducts Pvt. Ltd. ( 24 Mantra Organic ),Hyderabad,"040-40072526, 9811500176",Mr. Himanshu Garg
SRG ORGANICS FOODS INDIA PVT. LTD.,Chennai,91 98400 92637,R KARTHIKEYAN
SRI CITY PVT LTD,Chennai,044-3940200,Mr. Chandrasekhar Ch
STERLING AGRO,New Delhi,011-47008000,Mr. Vidya Sagar
SURYA FOOD & AGRO LTD. - PRIYAGOLD,Noida,0120-2522939,Mr. Praveen Kumar
SWASTIK AGRO PRODUCTS,Kalanwali,01696-222444,Mr. Sahil Arora
SWISS PAC PVT. LTD.,Vadodara,02662-244057158,Mr. Bhargav Soni
SYMEC ENGINEERS (INDIA) PVT. LTD.,Navi Mumbai,022-65131021/22,Mr. Arjun Vas
TASTE'L FINE FOOD PVT. LTD.,Mumbai,022-42080050,Mr. Vinod Nair
TATA CHEMICALS LIMITED,Mumbai,022-66657833,Mr. Zareer Gotla
TATA GLOBAL BEVERAGES LIMITED,New Delhi,022-61218400,Ms. Apoorva Goel
TEACOURT PVT. LTD.,Kolkata,011-26931807,Mr. Arjun Batra
"TEMI TEA ESTATE, GOVERNMENT OF SIKKIM",Temi,0359 2261703,Ms. Sonia Mukherjee
TETRA PAK INDIA PVT. LTD. (GOLD SPONSOR),Gurgaon,0124 412 4600,Mr. Nupur Sachdeva
THAKARSHI TEA PROCESSORS & PACKERS PVT. LTD.,Gondal,02825-221341,Mr. Vijay M. Mundia
THE SUKHJIT STARCH & CHEMICAL LTD.,Phagwara,01824-468800,Mr. Aman Setia
TIRUPATI BALAJI AGRO PRODUCTS,Pune,02112-283129,Mr. V. Subramanian
TRENT HYPER MARKET PVT. LTD.,Mumbai,NA,Ms. Elina Mohanty
TULIP INN GREEN CASTLE HOTEL,Mussoorie,0135-2630987,Mr. Shivash Chagti
TUV SUD SOUTH ASIA,Pune,020-66841212,Mr. Karan Kurup
UK INDIA BUSINESS COUNCIL INDIA PVT. LTD.,Gurgaon,NA,Mr. Benz Thomas
USHODAYA ENTERPRISES PVT. LTD.,Hyderabad,040-23318181,Mr. K. Chandrasekhar
V.P.S.A NARAYANA NADAR AND COMPANY,Theni,04546-252359,Mr. N. Suriyanarayanan
VAISHVIK FOODS PVT. LTD.,Pune,020-24391881,Ms. Sadhana Ganesh Kokate
VIKRAM AGRO INDUSTRIES,Jaipur,0141-2311776,Mr. Mohit Garg
VIMTA LABS LIMITED,Hyderabad,040-67404040,Mr. Manojit Pal
VISNUKUMAR TRADERS PVT. LTD.,Chennai,044-65715715,Mr. G. Venkatsubramanyan (Mani)
WAHAL ENGINEERS,New Delhi,011-27821785,Ms. Sunita Wahal
WESTERN HILLS FOOD PVT. LTD.,Pune,020-4067478,Mr. Parag Hande
WHOLESOME FOODS,Ahmedabad,079-0323356,Mr. Jeet Hirpara
ZEA MAIZE PVT. LTD.,Sonipat,NA,Mr. Deepak Tiwari
ZIPPY EDIBLE PRODUCTS PVT. LTD.,Jaspur,05947-220224,Mr. Siddhartha Singhal
ITALY - FOCUS COUNTRY,Mumbai,022 22821214 / 1125,
MOHAN OIL MILLS,Faridabad,0129-2435266,Mr. Dalip Kewalramani
FOOD BUDDIES,Chennai,044 - 42852258,Mr. Dinesh Kumar
KILARU NATURALS PRIVATE LIMITED,Hyderabad,040-30627879,Mr. Vijendra Kumar
KAILASH PARVAT FOODS,Coimbatore,9003117864,Ms. Saranya
PANICLE FOOD PRIVATE LIMITED,New Delhi, 011-49055243,Mr. Ashwani Kumar Thakur
B.D. AGRO FOODS,Kapurthala,0181-5085040,Mr. Deepak Kumar
DMICDC (DELHI MUMBAI INDUSTRIAL CORRIDOR DEVELOPMENT CORP. LTD.),New Delhi,011-26118884-8,Mr. Rajat Saxena
KRAFT HEINZ (SILVER SPONSOR),Mumbai,022 4008 5555,Ms. Yasmin Bhadha
IRIIS TRADING HOUSE LLP,Faridabad,0129-4340714,Mr. Rahul Singh Khushwah
FANIDHAR MEGA FOOD PARK PVT. LTD.,Ahmedabad,079-40306965,Mr. Ashok Dhranga
BLUE STAR LTD.,Mumbai,022-66544000,Mr. Goldy Goel
V.R. INDUSTRIES (P) LTD.,Gurgaon,0124-4577000,Mr. Kush Lakhanpal
NUTRIVITA FOODS,Pune,+91 2113 305 599,Mr. Olivier Petit
KELLOGG (SILVER SPONSOR),,,Mr. Parna Dasgupta
CRAGIL (GOLD SPONSOR),,,Mr. Pankaj Mahajan
EMBASSY OF TUNISIA,New Delhi,,Mr. Jamel Boujdaria
SPAIN,New Delhi,011-4358 7912-19,Mr. Paloma Sanchez Lucas
NCT OF DELHI,New Delhi,011-22157037,
PARAG MILK FOODS LTD.,Mumbai,022-43005555,Mr. Sanjeev Jain
SHREY NUTRACEUTICALS & HERBALS PVT. LTD.,New Delhi,NA,Mr. Bhupinder Kamboj
Bizdev,Vecchiano,0039 3358132815,
Italian Embassy New Delhi,New Delhi,011 - 26114355,Elettra Verrone
LAVAZZA,Chennai,1800-425-3330,
Indo-Italian Chamber of Commerce And Industry,Mumbai,022 6772 8186 â 90,
"Titus & Co., Advocates",New Delhi,011-26470700,
Ferrero India,Pune,0120-66804000,Mr. Inder Chopra
SRINI FOOD PARK PVT. LTD.,Hyderabad,"040-23118338, 8008400162",Mr. Pranati Mallik
KIARO FOODS INDIA PVT. LTD.,Hyderabad,7042190404,Mr. Mallikarjun Reddy
BEEHIVE FARMS PRIVATE LIMITED,Ludhiana,0161-4666012,Ms. Navjot Kaur
SOUTHERN FERRO STEELS LTD.- LOTUS CHOCOLATE (SILVER SPONSORSHIP),Dharwad,,Mr. Manjunath Bhatt
MARICO LIMITED,Mumbai,022-66480480,Mr. Avtej Sawhney
AGILENT TECHNOLOGIES,New Delhi,,Mr. Rohit Shinde
RERURGENT INDIA LIMITED,Gurgaon,0124-4754550,Mr. Ishan Jain
BHUIRA JAMS PRIVATE LIMITED,Sirmour,0704 2944668,Ms. Rebecca Mushran
AMWAY INDIA ENTERPRISES PRIVATE LIMITED (DIAMOND SPONSOR),Gurugram,,Mr. Abhinav Srivastava
SOLITAIRE DRUGS PHARMA PVT. LTD.,New Delhi,011-47501660,Mr. Ranjna Gogiya
PROGILENCE CAPABILITY DEVELOPMENT PVT. LTD.,Gurgaon,0124-4147164-65,Mr. Vikal Samdariya
SHREEJI PROTEIN,Mahuva,02844-223935,02844-223935
PATSON FOODS INDIA PVT. LTD.,Navsari,02637 650854,Mr. Nilesh Dharajia
METRO CASH & CARRY INDIA PVT. LTD,Bangalore,1860-266-2010,Mr. Gaurav Kumar
TUV RHEINLAND INDIA,Gurgaon,,Mr. Akshay Bhalla
BRIJ HONEY PRIVATE LIMITED,Bharatpur,9549652511,Mr. Vinit Singh
GLOBOZOR INTERNATIONAL TRADE PVT. LTD.,Mumbai,+9122 4924 0040,Mr. Arch Bavishi
FEDERATION OF CORRUGATED BOX MANUFACTURERS OF INDIA,Mumbai,022-28500687/4523,Mr. Milan Kumar Dey
MEHROTRA CONSUMER PRODUCTS PVT. LTD.,Greater Noida,0120-4260545,Mrs. Kriti Mehrotra
DEFENCE FOOD RESEARCH LABORATORY - DRDO,Mysore,0821-2473783,Dr. A.D. Semwal
Y COOK INDIA PVT. LTD.,Bangalore,080-40903663,Ms. Gayathri Swahar
JABSONS FOODS,Bharuch,02642-228255,Mr. Maulik Joshi
RAM LAL RAM CHANDRA INDIA LIMITED,Ghaziabad,9971329907,Mr. Mohd. Imran
GEN NEXT FOODS AND HOSPITALITY PVT. LTD.,Mumbai,022-28598597,Ms. Dipali J Mehta
PROFLEX SYSTEMS,Ahmedabad,,Mr. Parin Shah
"TAIWAN - TAIPEI WORLD TRADE CENTRE, MUMBAI",Mumbai,022-22163074-77,Ms. Harjeet Kaur
VAPZA FOOD (BRAZIL),Curitiba,,
HIMALYAN SPRING,Solan,9711237686,Mr. Ravi Singh
CG Reiber Compact A/S,Gurgaon,+91 1244721700,
L'OPÃRA,New Delhi,+91 12 040 66888,Lokesh Anand
ITA-Italian Trade Agency,Mumbai,0091 22 22821214 / 1125,Leenol Pereira
CBC CORPORATION(INDIA)PVT.LTD,"Krishanlal Marwah Marg,",+91-22-2857-9798,SHIGEKI SUGAHARA
Fuji / å¨å£« Japanese Restaurant - Delhi ã,Delhi,91 8375093891,
Indo Nissin Foods Private Limited,Bangalore,+91-80-4355-4000,Shigeo Irie
Japanese Standard Processing Pvt. Ltd.,Gurgaon,+91-124-474-8200,Vikas Tandon
NISHINO SOLUTIONS LLP,Gurgaon,+91-92051-09307,Shoichiro Adachi
TIPPLE CASA PRIVATE LIMITED,NEW DELHI,9560571075,SANJEEV CHOUDHARY
Japan External Trade Organization,Delhi,011-4000-6900,Mr. Soichi Umeki
Yakult Danone India Pvt Ltd,Delhi,011-40626262/ 9953581230,Amitabh Chaturvedi
Economic and Commercial Office of the Embassy of Spain in New Delhi,New Delhi,(+91) 11 4358 7912-19,Paloma SÃ¡nchez Lucas
TagTaste Foods Pvt. Ltd.,New Delhi,0091 9958657225,
Bosch Ltd,Verna,0832-6692042,Gauri Naik
Covestro (India) Private Limited,Thane,022-2586176,Chintan Joshi
KONVEKTA REFRIGERATION INDIA PVT. LTD,MUMBAI,0091 22 40152288,KAMALAKSHA NAIK
Dr. Oetker India Pvt. Ltd.,New Delhi,"91-11-45177177, 41664685 (or -86)",Amit Koul
Solidaridad Network Asia Ltd.,New Delhi,9873588859,Rajesh Bhatia
SUBHASH MASALA,New Delhi,"011-43103756, 9818160680, 9818160680",Mr. Kalam Jain
OIRLETT,Vdiyampeta,"9293725235, 9393725235",Mr. P. Jeevan Prasanth
VEZLEY FOODS PRIVATE LIMITED,New Delhi,"011-64642757 / 58, 8826990069",Mr. Munish Sharma
INDIA PULSES AND GRAIN ASSOCIATION,Mumbai,"022- 2647 9132/33, 9820267858",Mr. Pradeep Ghorpade
CICU,Ludhiana,"0161 253 0551, 9815800622",Mr. Upkar Singh Ahuja
SAVEER BIOTECH LIMITED,New Delhi,"011-24622889, 8860621164",Mr. Ajay Beyyala
WINDSOR CHOCOLATIER,Gurugram,"0124 - 4323970, 9999811911",Mr. Arvind Kapoor
DIVYADEEP SUGAR AND AGRO INDUSTRIES PVT. LTD.,New Delhi,"07162 232552, 9425147315",Mr. Hariom Juneja
DISCOVERY NUTRITION,New Delhi,"011-45521876, 9910687333",Mr. Harish Dua
CLASSIC INDUSTRIES,Faridabad,"0129-4022777, 9810291750",Mr. Rajesh Khatter
HSIL LIMITED PPD AGI-GLASPAC,Hyderabad,"040-23831771, 9886535353, 9849524080",Mr .A. Shesh Raj
ADEPTA (France),Paris,+33 01 44 18 08 88,Ms. Racheline Levi
AXEREAL,GURGAON,+91 98 21 11 70 42  ,Christophe JACQUET
BLEZAT,PARIS,00 33 6 89 77 46 55,Adrien LOONES
CLAUGER,BRIGNAIS,00 33 6 14 15 77 99,Aymeric COLOMBAT
FEMIA,Nanterre Cedex,00 33 6 31 47 21 10,GILBERT LE FOLL
GNIS (NATIONAL ORGANIZATION FOR THE SEED SECTOR),PARIS,00 33 6 64 57 71 51,Marine BENG-THI
LACTALIS INDIA,CHENNAI,+91 9962985293,Samay BHARDWAJ
MCA PROCESS,Levallois-Perret,33 (0)2 98 52 77 00,Lucy VINTENAT
MJA AGENCY,New Delhi,(+91 11) 64 63 44 05/06,MichÃ¨le JANEZIC
MONIN,Bourges,+33 6 50 14 30 78,Giles Pickles
LâOPERA,New Delhi,+91 12 040 66888,Lokesh Anand
ROQUETTE,Mumbai,91 022-42301500  / 25706775,K S Ganesan
SERAP INDUSTRIES,,+33 (0)2 43 08 49 49,
SIMON SAS,CHERBOURG OCTEVILLE CEDEX,00 33 2.33.43.09.18,Daniel SCHMIT
SODISTRA,Chateau-Gontier, +33646901475,Claire ROIDOT
SOUFFLET,,,
SYNERLINK,PUISEUX PONTOISE,00 33 1 30 15 29 30,Mariano LOPEZ
Confindustria,Roma,0039 06 59031,Camilla Cionini Visani
Eptalex-Titus&Co Advocates,Milan,0039 33 49 98 64 73,
Federalimentare,ROMA,0039 06 5903534,
FederOlio,Roma,0039 06 5754201,
Federunacoma,Roma,0039 06 432981,Fabio Ricci
Fratelli Carli,Imperia,0039 0183720000,
FRUITSAPP,Rome,,
"GIANNI, ORIGONI, GRIPPO & PARTNERS",Roma,0039 06 478751,
Gruppo Izzo Srl,Anagni,39 0775 77.40.36,
Riela India,Ibbenburen,91-9891720386,Aman Parashar
Amsterdam Trade,Amsterdam,31 651 505 812,Martine Sourbag
Baarsma wine group,Gorredijk,31651915797,Paul Sperna Weiland
FMO Dutch Development Bank,The Hague,31625634989,Ms. Deanne Arends
GEA Refrigeration the Netherlands NV,Hertogenbosch,31651836001,L. Kuijpers
St. GreenPort Noord-Holland Noord,Enkhuizen,31881237777,Ms. Rian van Dam
HAS University of Applied Sciences,Hertogensbosch,31647074222,Marc Pruijssers
J.M. Levarht & Zonen B.V.,,00316 3946 0823,Pepijn de Jong
KeyGene N.V.,Wageningen,31650252447,Dr. Shital Dixit
Kiremko BV,Montfoort,+31654752423,Paul Oosterlaken
Lentiz Education Group,,0031-648579410 and 0091-9711085604,Prekash Ramsingh
Mr.FARMER bv,Heerenveen,31629390260,Gerlof de Boer
NMK Esbaco,,31- 6 53412645,Hans Huibers
Progarica,,6590899966,Matt Earle
RaboBank,Utrecht,31610344147,Wouter van Eijkelenburg
Rijk Zwaan,De Lier,31 174 532 300,Rens Knieriem
Rotterdam Partners,Rotterdam,31 107 900 197,Rene Hanssens
Tak Dry Fruits Company (Afganishtan),Mazar-e-Sharif,,Khoja Hamid
Asif Ghafor Ltd (Afganishtan),Mazar-e-Sharif,,Rasikh
Hashim Husainzada Dry Fruits Company (Afganishtan),Mazar-e-Sharif,,Jaweed Haqjo
Abdullah Zemari Balkhi Ltd (Afganishtan),Mazar-e-Sharif,,Nazar Mohammad
Spanish Business Support,,31625181717,Judith bartels
"Trouw Nutrition, a ~Nutreco Company ( SHV)",,+91-9704273366,Dr. Saurabh Shekhar
"Van Hall Larenstein, University of Applied Sciences",,(058) 284 63 11,Mr. Tjalling Huisman
Taiwan External Trade Development Council (TAITRA) (Taiwan),Taipei,+886-2-2725-5200,
Van Rooi Meat BV,,31 492 779900,Marc van Rooi
"Jia Ho Food Co., Ltd. (Taiwan)",Changhua County,+886-4-8872878,
Plantenkwekerij Van der Lugt BV,,31 6 2959 7222,Mr. Jack Wetzels
Wageningen Food & Biobased Research,,+31 622956504,Kalyan Chakravarthy Guntuboyina
"DA QUN INTERNATIONAL CO., LTD. (Taiwan)",Taipei City,+886-2-2707-0869,
"OU-DEAN FOODS FACTORY CO., LTD. (Taiwan)",Changhua County,+886-4-8922111,
BESTASTE ENTERPRISE CORPORATION (Taiwan),New Taiwan City,+886-2-2995-8222,
WEJOIN Emaax SERIVCE CORP (Taiwan),Taipei,,
NORB INDUSTRIA DE INJETADOS PLASTICOS (BRAZIL),Caxias do Sul,+55(54) 3224-6090,
APS EXPORTACAO E IMPORTACAO (BRAZIL),Anapolis,+55 (62) 3701-1561,
MN PROPOLIS (BRAZIL),Mogi das Cruzes,+55 (11) 4790-4600,
SAMBA INTERNACIONAL (BRAZIL),Curitiba,+55 (41) 3045-7985,
LOOP INDÃSTRIA E COMÃRCIO DE PRODUTOS ALIMENTÃCIOS,Piracicaba,+55 (19) 3402-1121,Mr. Luiz de Oliveira JÃºnior
ONVIT (BRAZIL),Aquiraz,+55 (85) 98828-1019,
ESDEL COMERCIO DE PRODUTOS ALIMENTARES (BRAZIL),Campina Grande do Sul,+55 (46)3224-1293,
MN PRÃPOLIS,Mogi das Cruzes,+55 (11) 4790-4600,Mr. Jeferson Umezaki
JET BRASIL ALIMENTOS LTDA (BRAZIL),Ilheus,+55(73) 98834-0214,
KOREA FOOD INDUSTRY ASSOCIATION,Seoul,+822-3470-8128,Mr. Hin-Kyu Yeo
APEX-BRASIL,BrasÃ­lia,+55(61)3426-02020,Mrs.Raquel Vilharva
APS EXPORTAÃÃO E IMPORTAÃÃO,AnÃ¡polis,+55 (62) 3701-1561,Mr. Guilherme Oliveira/Mr. Igor Giovanni
DASSOLER AGRONEGÃCIOS,Lucas do Rio Verde,+55(65) 3548-4800,Mrs. Caroline Dassoler
ESDEL COMÃRCIO DE PRODUTOS ALIMENTARES,Campina Grande do Sul,+55 (46)3224-1293,Mr. Luciano Petroski
NORB INDÃSTRIA DE INJETADOS PLÃSTICOS,Caxias do Sul,+55(54) 3224-6090,Ms. Keillla Garcia
Seara MENA,Dubai,,Mr. Marcos Delorenzo
A. P. MÃ¸ller - MÃ¦rsk A/S,Copenhagen K,+45 33 63 33 63,
AAK Denmark,Aarhus C,+45 8730 6000,
Aasted Aps,Farum,+45 4434 8000,
Carlsberg Group,Copenhagen V,+45 3327 3300,
Chr. Hansen,Hoersholm,+45 4574 7474,
EKF - Denmarks Export Credit Agency,Copenhagen,+45 3546 2600,
ESS-FOOD,Aalborg,+45 89 19 28 47,
European Protein A/S,Baekke,+45 7538 8040,
Food Nation,Copenhagen V,+45 24914050,
GEA Process Engineering A/S,Soeborg,+45 3954 5454,
Indian Danish Chamber of Commerce,Copenhagen K,+45 31688841,
Investment Fund for Developing Countries (IFU),Copenhagen K,+45 33 63 75 00,
Mille Food A/S,Hundested,+45 32121888,
Novozymes A/S,BagsvÃ¦rd,+45 4446000,
Orana A/S,Rynkeby,+45 63623575,
"Roskilde University, Dep. of Social Sciences and Business",Roskilde,+91 9971170824,
Viking Genetics,Randers SO,+45 8795 9400,
Vilofoss,Graasten,+45 3368 5600,
UNIVERSITA' DELL'INSUBRIA,Varese,800 011 398,
UNIVERSITA' DI PARMA,,39 0521902111,
AOKIHAMONO(HASEGAWA CORPORATION),Sakai,+81-072-229-3737,Takahiro Aoki
Chiyonosono Sake Brewery Inc,Yamaga City,+81-968-43-2161,Masaharu Honda
CURETEX CORP.,Tokyo,+81-3-5706-8611,Shivinder SINGH
"Euclid Agency Co., Ltd",Shibuya,81-3-5793-7571,
"ENDO SEIAN CO., LTD",Toshima-ku,042-391-6215,
Fukushima Prefecture Government,Fukushima,81-247-61-6341,
HASEGAWA CORPORATION,Yachiyo,+81-47-484-7141,Toshikazu Hasegawa
"High Spec Co., Ltd. (Moeshoku Project)",Shizuoka,81-55-977-5758,
House Foods Group Inc,Shibuya,81-3-5211-6032,
"Ice Battery Co., Ltd.",Tokyo,+81 3 3287 7327,Hiroshi Hino
ISE FOODS.INC.,Yurakucho,03-6758-6923,Kazuhiko KAWAKAMI
"J Dining Co., Ltd.",Tokyo,81-3-5434-1301,
"Kinjirushi Sales Co., Ltd.",Chuo-ku,+81-3-3523-4703,Kenshi Setoguchi
"MARINFOOD CO.,LTD.",Toyonaka-shi,+81-3-3453-1023,AKIKO NIHEI
"MT-Torimatsu Co., Ltd.",Tsubame-shi,0256-63-2184,Shintaro Takayama
SAKATA SEED CORPORATION,YOKOHAMA,(+81)(0)45-945-8822,DR. JAI SINGH
"Shinmei Co., Ltd",Tokyo,81-3-3831-3921,Khaikholun
Japan Expo,Shinbashi,81-3-5733-5068,
Japan India Industry Promotion Association,Shinbashi,81-3-5733-5068,
"Nissan Steel Manufacturing Co., Ltd.",Kyoto,03-5733-5068,
Shizuoka Prefecture Government,Shizuoka,81-46-822-9666,
"Yamamoto Foods Co., Ltd.",Tokyo,03-5733-5068,
Yokosuka City Government,Yokosuka,81-46-822-9666,info@npo-jiipa.org
"""PÄrnes L"" SIA",,37128662862,Kristaps RadziÅÅ¡
Amber Coast Union (Latvia) / Amrita Water LLC (a branch in USA),Riga,00-371-22384118,Egija Gailuma
JAUNPILS PIENOTAVA JSC,Jaunpils parish,37163107102,Ingrida Vaska
"JSC ""Brivais Vilnis""",Salacgriva,+371 6 4000210,Mr. Janis Savics
LÄÄi SIA,,37126596747,Sergels Avsejenko
Northen Treats SIA,Riga,37128682340,Oskars Mickevics
Nuteko SIA,Riga,37120616118,Egmonts Upmalis
Dukla Brewery,DUKLA,48692483914,"MAREK ZAJDEL, BEATA ZAJDEL"
EWA BIS,WARSAW,0048 22 343 98 00,ADRIANA RUDNICKA
GLOBAL BUSINESS PROMOTION GROUP,WARSAW,0048 22 630 60 80,AGNIESZKA TOMASZEWICZ
INSTYTUT MASZYN SPOÅ»YWCZYCH SP. Z O.O.,WARSZAWA,22 619 20 98,STANISLAW PARAFINIUK
"JASIOLKA MEAT COMPANY ,,JKââ Co.Ltd.",LUBLIN,48516133035,PAWEÅ KRAJMAS
Lublin Wholesale Market,ElizÃ³wka,48666239502,Paulina Derkus-Dobies
PARAFINIUK Sp. z o.o. Group of Fruit and Vegetable Producers,21 - 533 ROSSOSZ,606270606,MARCIN PARAFINIUK
Polish Investment and Trade Agency,Warsaw,48223349800,Aleksandra Sobczak
SpÃ³Ådzielnia Mleczarska Mlekovita,Wysokie Mazowieckie,48862758211,Agata WiÅniewska
POLMASS S.A.,BYDGOSZCZ,48523750410,AGNIESZKA LITWIC-WOJCIECHOWSKA
Saran Enterprises Ltd.,Warsaw,48603862036,
HSS INTERNATIONAL,Warszawa,.+48-787-175-272,Robert KUJAWSKI
JANMAR COMPANY Co.Ltd.,DUKLA,48516133035,JAN KRAJMAS
GRANICZNA COMPANY,DUKLA,48692483914,"MAREK ZAJDEL, BEATA ZAJDEL"
"""Sirogojno Company"" d.o.o.",Sirogojno,+38131825015,Ana LjubojeviÄ
AGRANELA D.O.O.,Valjevo,00381 11 3973 599,Mr Aleksandar Tomic
ALLBERRIES DOO,Ivanjica,38169770523,Goran Bogdanovic
Chamber of Commerce and Industry of Serbia,Belgrade,,Jovanka Calina
Elixir Food d.o.o.,Å abac,+381 15 368 100,Tereza ObradoviÄ
ITN GROUP,"Zemun, Belgrade",t:+381314414900,Mirjana Nikolic
Koncern Bambi AD PoÅ¾arevac,PoÅ¾arevac,+381 12 53 98 00,Jovica Bauk
LUÄIÄ-PRIGREVICA A.D. NOVI SAD,Novi Sad,+381255434501,Ivana LukiÄ
"Maize Research Institute ""Zemun Polje""",Belgrade-Zemun,+381113756704,dr SlaÄana Å½iliÄ
MIRAX AGRAR DOO,Belgrade,381 64 104 2305,Nikola Ralic
YUMIS,Nis,+381 18 56 14 21,Zarko Martinovic
âAitâ COMPONOSOLLERTIA S.A.L.,TUDELA,0034 948 84 74 48,
"EZQUERRA GROUP (TALLERES EZQUERRA SEAMERS, SL)",SAN ADRIAN,0091 98100 27091,
CONGELADOS DE NAVARRA S.A.U,FUSTIÃANA,0034 627516608,
"EXKAL (ExposiciÃ³n y ConservaciÃ³n de Alimentos, S.A.)",Marcilla,0034 948 708 292,
Grupo K Refrigeracion S.L.,Pamplona,0034 666 40 09 71,
"IAN - INDUSTRIAS ALIMENTARIAS DE NAVARRA, S.A.U.",VILLAFRANCA,0034607559544,
MERCASA,Madrid,0034 91 350 06 09,Nora Rodriguez
Navarra Government,Pamplona,0034 848425765,Estela CerdÃ¡n
"Ultracongelados Virto, S.A. (VIRTO GROUP)",Azagra,0034 948 692 728,
URZANTE,Tudela,0034 948 850 237,J.A Lorenzo
"VISCOFAN, S.A.",Tajonar,0034 948 198 444,
Fadak Pistachio Co,Kerman,0098 -34- 32756622,Mary asil
GREEN GOLD JAHANGIRI,RAFSANJAN,3434268589,ABBAS EFAZATI
Saramad Kavir Kerman Commercial Co.,Sirjan,00983442334324,Mohammad Mir Zaheri
TAROKH PISTACHIO COMPANY,SIRJAN,42231064,RAHIM KHORASANI ESMAEILI
YUG RUSI,Rostov on Don,Anna Kozhanova,contact@grain.ru
"PT. Indofood CBP Sukses Makmur Tbk.,",Jakarta,+62-21-57958822,hendry.ang@indofood.co.id
"KAGOME.CO.,LTD.",Tokyo,+81-3-5623-8501,Koichi Fukawa
Al Ghurair Foods,Dubai,04 3939633,Marwa Hassan
BRAZIL,Brasilia,+55 61 3426-0202,Mrs. Raquel Vilharva
DAI/RADP-North (Afganishtan),Mazar,NA,Mr. Sayed Qasimullah
DUBAI EXPORTS,Dubai,+971 444 55333,Mr. Omar Alghfeli
FEDERAL MINISTRY OF FOOD AND AGRICULTURE - GERMANY,Berlin,+49 (0)30 18 529 - 4185,Mr. Christian Schmidt
FITOREX LTD.,Budapest,+36-1-453-0564,Ms. Julia Szilbereky
GULF CONFECTIONERY & BISCUIT CO LLC,DUBAI,+97143315064,MR. HUSSAINI DAIRKEE
ICWRF,Roma,0039 06.46651,Bartolomeo Filadelfia
Italian Ministry of Economic Development,ROMA,0039 06 47051,Alessandra Schiavo
KAGOME CO. LTD. (Japan),Tokyo,+81-3-5623-8501,Mr. Koichi Fukawa
LATVIA,Riga,+371 37039400,Ms. Inga Valdmane
MASAFI CO. LLC,Dubai,NA,Ms. Swati Ramkumar
Mix Srl,Cavezzo,0039 0535 46577,Matteo gatti
MOOD ESPRESSO,DUBAI,04 3926265,Paolo Osimi
Movin Spa,S.Quirino,0039 434.9155,
MUNCH & CRUNCH SWEETS MANUFACTURING,"AL QUASAIS-2, HALAB STREET DUBAI UAE",+97142585600,MARIAM AL SHAMSI
NETHERLANDS - FOCUS COUNTRY,New Delhi,011 24197605,Mr. Anand Krishnan
ORGANIZZAZIONE NAZIONALE ASSAGGIATORI OLIO DI OLIVA,Roma,0039 0183 76 74 12,
PT. INDOFOOD CBP SUKSES MAKMUR TBK,Jakarta,+6221 5795 8822,Mr. Hendry
SACE,Roma,0039 06 67361,
Senzani,faenza,0039 0546 624011,
SERBIA,New Delhi,011-2687 3661,Mr. Jovanka Calina
StartupBootCamp,Roma,0039 348 4074087,
"TAIPEI WORLD TRADE CENTRE, MUMBAI",Mumbai,022-22163074-77,Ms. Harjeet Kaur
Turatti,Venice,0039 426310731,
Turboalgor,S.Quirino,0039 4349155,Antonella Lombardo
Ucima,Baggiovara,0039 059 512146,
UNIVERSITA'  DELL'INSUBRIA,Varese,800 011 398,
UNIVERSITA'  DI PARMA,,39 0521902111,
"YUGI RUSI, LLC ZOLOTAYA SEMECHKA (Russia)",Rostov-on-Don,+7(863)2107040,Ms. Anna Kozhanova
